{"cameraMode":{"drawMode":0,"name":"Shaded","section":"Shading Mode"},"sceneLighting":false,"audioPlay":false,"sceneViewState":{"showFog":true,"showMaterialUpdate":false,"showSkybox":false,"showFlares":true,"showImageEffects":true,"showParticleSystems":true,"showVisualEffectGraphs":true,"m_FxEnabled":true},"in2DMode":false,"pivot":{"x":1.3041001558303834,"y":1.4252713918685914,"z":1.5024299621582032},"rotation":{"x":-0.10764160752296448,"y":-0.6185132265090942,"z":0.08616800606250763,"w":-0.7737119197845459},"size":1.3560500144958497,"orthographic":false}