{"cameraMode":{"drawMode":0,"name":"Shaded","section":"Shading Mode"},"sceneLighting":false,"audioPlay":false,"sceneViewState":{"showFog":true,"showMaterialUpdate":false,"showSkybox":false,"showFlares":true,"showImageEffects":true,"showParticleSystems":true,"showVisualEffectGraphs":true,"m_FxEnabled":true},"in2DMode":false,"pivot":{"x":1.7103662490844727,"y":-2.4790244102478029,"z":-9.465014457702637},"rotation":{"x":-0.029811136424541475,"y":-0.9679703712463379,"z":0.20663142204284669,"w":-0.13976357877254487},"size":11.284384727478028,"orthographic":false}