{"cameraMode":{"drawMode":0,"name":"Shaded","section":"Shading Mode"},"sceneLighting":false,"audioPlay":false,"sceneViewState":{"showFog":true,"showMaterialUpdate":false,"showSkybox":false,"showFlares":true,"showImageEffects":true,"showParticleSystems":true,"showVisualEffectGraphs":true,"m_FxEnabled":true},"in2DMode":false,"pivot":{"x":0.21126137673854829,"y":1.0846340656280518,"z":0.5121189951896668},"rotation":{"x":-0.04563073441386223,"y":-0.9502483606338501,"z":0.2587231397628784,"w":-0.16794082522392274},"size":0.7560499906539917,"orthographic":false}