{"cameraMode":{"drawMode":0,"name":"Shaded","section":"Shading Mode"},"sceneLighting":false,"audioPlay":false,"sceneViewState":{"showFog":false,"showMaterialUpdate":false,"showSkybox":false,"showFlares":false,"showImageEffects":false,"showParticleSystems":false,"showVisualEffectGraphs":true,"m_FxEnabled":true},"in2DMode":false,"pivot":{"x":8.344650268554688e-7,"y":0.8962231874465942,"z":0.010292649269104004},"rotation":{"x":-0.21726781129837037,"y":0.016546299681067468,"z":-0.003131706267595291,"w":-0.9761306047439575},"size":1.0268559455871583,"orthographic":false}