{"cameraMode":{"drawMode":0,"name":"Shaded","section":"Shading Mode"},"sceneLighting":false,"audioPlay":false,"sceneViewState":{"showFog":false,"showMaterialUpdate":false,"showSkybox":false,"showFlares":false,"showImageEffects":false,"showParticleSystems":false,"showVisualEffectGraphs":true,"m_FxEnabled":true},"in2DMode":false,"pivot":{"x":-1.3396989107131959,"y":0.002942323684692383,"z":0.9169318079948425},"rotation":{"x":0.019431697204709054,"y":-0.9776992201805115,"z":0.18128131330013276,"w":0.10606765002012253},"size":2.403757333755493,"orthographic":false}