{"cameraMode":{"drawMode":0,"name":"Shaded","section":"Shading Mode"},"sceneLighting":false,"audioPlay":false,"sceneViewState":{"showFog":true,"showMaterialUpdate":false,"showSkybox":false,"showFlares":true,"showImageEffects":true,"showParticleSystems":true,"showVisualEffectGraphs":true,"m_FxEnabled":true},"in2DMode":false,"pivot":{"x":0.3429742455482483,"y":0.351751446723938,"z":15.853679656982422},"rotation":{"x":-0.04079151526093483,"y":-0.018885113298892976,"z":0.000754630018491298,"w":-0.9990273118019104},"size":12.500200271606446,"orthographic":false}