{"cameraMode":{"drawMode":0,"name":"Shaded","section":"Shading Mode"},"sceneLighting":false,"audioPlay":false,"sceneViewState":{"showFog":true,"showMaterialUpdate":false,"showSkybox":false,"showFlares":true,"showImageEffects":true,"showParticleSystems":true,"showVisualEffectGraphs":true,"m_FxEnabled":true},"in2DMode":false,"pivot":{"x":0.013906517997384072,"y":2.375389575958252,"z":-1.6229169368743897},"rotation":{"x":-0.00021758052753284574,"y":0.9994254112243652,"z":0.03418482095003128,"w":0.0062980023212730888},"size":3.6118712425231935,"orthographic":false}