{"cameraMode":{"drawMode":0,"name":"Shaded","section":"Shading Mode"},"sceneLighting":false,"audioPlay":false,"sceneViewState":{"showFog":true,"showMaterialUpdate":true,"showSkybox":false,"showFlares":true,"showImageEffects":true,"showParticleSystems":true,"showVisualEffectGraphs":true,"m_FxEnabled":true},"in2DMode":false,"pivot":{"x":5.960464477539063e-8,"y":1.7374999523162842,"z":-1.1920928955078126e-7},"rotation":{"x":-0.06693694740533829,"y":-0.9263402819633484,"z":0.19774207472801209,"w":-0.31356608867645266},"size":1.6470143795013428,"orthographic":false}