{"cameraMode":{"drawMode":0,"name":"Shaded","section":"Shading Mode"},"sceneLighting":false,"audioPlay":false,"sceneViewState":{"showFog":true,"showMaterialUpdate":false,"showSkybox":false,"showFlares":true,"showImageEffects":true,"showParticleSystems":true,"showVisualEffectGraphs":true,"m_FxEnabled":true},"in2DMode":false,"pivot":{"x":-1.1712849140167237,"y":1.1665832996368409,"z":1.0271368026733399},"rotation":{"x":-0.02930459752678871,"y":0.9688485860824585,"z":-0.14079229533672334,"w":-0.20164376497268678},"size":2.2493345737457277,"orthographic":false}