{"cameraMode":{"drawMode":0,"name":"Shaded","section":"Shading Mode"},"sceneLighting":false,"audioPlay":false,"sceneViewState":{"showFog":true,"showMaterialUpdate":false,"showSkybox":false,"showFlares":true,"showImageEffects":true,"showParticleSystems":true,"showVisualEffectGraphs":true,"m_FxEnabled":true},"in2DMode":false,"pivot":{"x":-0.4070431590080261,"y":1.5575106143951417,"z":3.111589193344116},"rotation":{"x":0.001128156902268529,"y":0.9988220930099487,"z":0.02816523239016533,"w":-0.04017298296093941},"size":1.650665283203125,"orthographic":false}