{"cameraMode":{"drawMode":0,"name":"Shaded","section":"Shading Mode"},"sceneLighting":false,"audioPlay":false,"sceneViewState":{"showFog":true,"showMaterialUpdate":false,"showSkybox":false,"showFlares":true,"showImageEffects":true,"showParticleSystems":true,"showVisualEffectGraphs":true,"m_FxEnabled":true},"in2DMode":false,"pivot":{"x":0.11419506371021271,"y":1.5038694143295289,"z":3.2686479091644289},"rotation":{"x":-0.0012755290372297168,"y":0.9838064908981323,"z":-0.17933668196201325,"w":-0.007086439523845911},"size":1.0506653785705567,"orthographic":false}