{"cameraMode":{"drawMode":0,"name":"Shaded","section":"Shading Mode"},"sceneLighting":false,"audioPlay":false,"sceneViewState":{"showFog":true,"showMaterialUpdate":false,"showSkybox":false,"showFlares":true,"showImageEffects":true,"showParticleSystems":true,"showVisualEffectGraphs":true,"m_FxEnabled":true},"in2DMode":false,"pivot":{"x":-0.008566439151763916,"y":0.4800839424133301,"z":-1.5469927787780762},"rotation":{"x":-0.002165096113458276,"y":0.9966831803321838,"z":-0.07670507580041886,"w":-0.028112519532442094},"size":5.0959696769714359,"orthographic":false}