{"cameraMode":{"drawMode":0,"name":"Shaded","section":"Shading Mode"},"sceneLighting":false,"audioPlay":false,"sceneViewState":{"showFog":true,"showMaterialUpdate":false,"showSkybox":false,"showFlares":true,"showImageEffects":true,"showParticleSystems":true,"showVisualEffectGraphs":true,"m_FxEnabled":true},"in2DMode":false,"pivot":{"x":134.82925415039063,"y":-128.76116943359376,"z":-1584.4188232421875},"rotation":{"x":0.0017223164904862643,"y":0.9982852935791016,"z":-0.04076291620731354,"w":0.04225422814488411},"size":800.8402709960938,"orthographic":false}