{"cameraMode":{"drawMode":0,"name":"Shaded","section":"Shading Mode"},"sceneLighting":false,"audioPlay":false,"sceneViewState":{"showFog":true,"showMaterialUpdate":false,"showSkybox":false,"showFlares":true,"showImageEffects":true,"showParticleSystems":true,"showVisualEffectGraphs":true,"m_FxEnabled":true},"in2DMode":false,"pivot":{"x":2.8595516681671144,"y":2.081037759780884,"z":0.20474602282047273},"rotation":{"x":-0.020339729264378549,"y":-0.7017511129379273,"z":0.019962286576628686,"w":-0.7119607329368591},"size":1.7789888381958008,"orthographic":false}