{"cameraMode":{"drawMode":0,"name":"Shaded","section":"Shading Mode"},"sceneLighting":false,"audioPlay":false,"sceneViewState":{"showFog":true,"showMaterialUpdate":false,"showSkybox":false,"showFlares":true,"showImageEffects":true,"showParticleSystems":true,"showVisualEffectGraphs":true,"m_FxEnabled":true},"in2DMode":false,"pivot":{"x":-2.8247618675231935,"y":-0.6735211610794067,"z":0.13942945003509522},"rotation":{"x":0.0778258889913559,"y":-0.9132731556892395,"z":0.20790798962116242,"w":0.34222158789634707},"size":3.8340494632720949,"orthographic":false}