{"cameraMode":{"drawMode":0,"name":"Shaded","section":"Shading Mode"},"sceneLighting":false,"audioPlay":false,"sceneViewState":{"showFog":true,"showMaterialUpdate":false,"showSkybox":false,"showFlares":true,"showImageEffects":true,"showParticleSystems":true,"showVisualEffectGraphs":true,"m_FxEnabled":true},"in2DMode":false,"pivot":{"x":0.224387988448143,"y":1.7054262161254883,"z":5.465885162353516},"rotation":{"x":0.0006258710054680705,"y":0.9914634823799133,"z":-0.1304377019405365,"w":0.004760001786053181},"size":1.5270166397094727,"orthographic":false}