{"cameraMode":{"drawMode":0,"name":"Shaded","section":"Shading Mode"},"sceneLighting":false,"audioPlay":false,"sceneViewState":{"showFog":true,"showMaterialUpdate":false,"showSkybox":false,"showFlares":true,"showImageEffects":true,"showParticleSystems":true,"showVisualEffectGraphs":true,"m_FxEnabled":true},"in2DMode":false,"pivot":{"x":1.2911665439605713,"y":-19.40976333618164,"z":-79.8567886352539},"rotation":{"x":-0.0008042986737564206,"y":-0.9924860000610352,"z":0.12300711125135422,"w":-0.006858906242996454},"size":44.093963623046878,"orthographic":false}