{"cameraMode":{"drawMode":0,"name":"Shaded","section":"Shading Mode"},"sceneLighting":false,"audioPlay":false,"sceneViewState":{"showFog":true,"showMaterialUpdate":false,"showSkybox":false,"showFlares":true,"showImageEffects":true,"showParticleSystems":true,"showVisualEffectGraphs":true,"m_FxEnabled":true},"in2DMode":false,"pivot":{"x":2.0516462326049806,"y":1.1760896444320679,"z":0.22809159755706788},"rotation":{"x":-0.15337394177913667,"y":0.7268908023834229,"z":-0.17235210537910462,"w":-0.6468493342399597},"size":0.7506658434867859,"orthographic":false}