{"cameraMode":{"drawMode":0,"name":"Shaded","section":"Shading Mode"},"sceneLighting":false,"audioPlay":false,"sceneViewState":{"showFog":true,"showMaterialUpdate":false,"showSkybox":false,"showFlares":true,"showImageEffects":true,"showParticleSystems":true,"showVisualEffectGraphs":true,"m_FxEnabled":true},"in2DMode":false,"pivot":{"x":0.8535255193710327,"y":-728.6234741210938,"z":-345.4607849121094},"rotation":{"x":0.0007939251372590661,"y":0.8457990884780884,"z":-0.5335887670516968,"w":0.0012551629915833474},"size":406.4337158203125,"orthographic":false}