{"cameraMode":{"drawMode":0,"name":"Shaded","section":"Shading Mode"},"sceneLighting":false,"audioPlay":false,"sceneViewState":{"showFog":true,"showMaterialUpdate":false,"showSkybox":false,"showFlares":true,"showImageEffects":true,"showParticleSystems":true,"showVisualEffectGraphs":true,"m_FxEnabled":true},"in2DMode":false,"pivot":{"x":0.3375760614871979,"y":1.6296168565750123,"z":3.771080493927002},"rotation":{"x":-0.008144162595272065,"y":0.9917412996292114,"z":-0.09881380945444107,"w":-0.08170370012521744},"size":1.4435756206512452,"orthographic":false}