{"cameraMode":{"drawMode":0,"name":"Shaded","section":"Shading Mode"},"sceneLighting":false,"audioPlay":false,"sceneViewState":{"showFog":true,"showMaterialUpdate":false,"showSkybox":false,"showFlares":true,"showImageEffects":true,"showParticleSystems":true,"showVisualEffectGraphs":true,"m_FxEnabled":true},"in2DMode":false,"pivot":{"x":-0.17038555443286897,"y":-4.631256580352783,"z":-24.850156784057618},"rotation":{"x":0.0015783536946401,"y":-0.9938094615936279,"z":0.11107941716909409,"w":0.014008416794240475},"size":16.477733612060548,"orthographic":false}