{"cameraMode":{"drawMode":0,"name":"Shaded","section":"Shading Mode"},"sceneLighting":false,"audioPlay":false,"sceneViewState":{"showFog":true,"showMaterialUpdate":false,"showSkybox":false,"showFlares":true,"showImageEffects":true,"showParticleSystems":true,"showVisualEffectGraphs":true,"m_FxEnabled":true},"in2DMode":false,"pivot":{"x":-0.07688017189502716,"y":1.4391472339630128,"z":1.5900146961212159},"rotation":{"x":-0.03627973049879074,"y":0.035064876079559329,"z":-0.00128531688824296,"w":-0.9987601041793823},"size":1.0506653785705567,"orthographic":false}