{"cameraMode":{"drawMode":0,"name":"Shaded","section":"Shading Mode"},"sceneLighting":false,"audioPlay":false,"sceneViewState":{"showFog":true,"showMaterialUpdate":false,"showSkybox":false,"showFlares":true,"showImageEffects":true,"showParticleSystems":true,"showVisualEffectGraphs":true,"m_FxEnabled":true},"in2DMode":false,"pivot":{"x":-0.05374335125088692,"y":1.6689380407333375,"z":0.03654146194458008},"rotation":{"x":0.0037341585848480465,"y":0.9819654822349548,"z":-0.1881481558084488,"w":0.019444217905402185},"size":0.7506652474403381,"orthographic":false}