{"cameraMode":{"drawMode":0,"name":"Shaded","section":"Shading Mode"},"sceneLighting":false,"audioPlay":false,"sceneViewState":{"showFog":true,"showMaterialUpdate":false,"showSkybox":false,"showFlares":true,"showImageEffects":true,"showParticleSystems":true,"showVisualEffectGraphs":true,"m_FxEnabled":true},"in2DMode":false,"pivot":{"x":-2.110132932662964,"y":0.9966305494308472,"z":-0.04591226577758789},"rotation":{"x":-0.16173803806304933,"y":-0.18183034658432008,"z":0.030337130650877954,"w":-0.9694748520851135},"size":2.0809013843536379,"orthographic":false}