{"cameraMode":{"drawMode":0,"name":"Shaded","section":"Shading Mode"},"sceneLighting":false,"audioPlay":false,"sceneViewState":{"showFog":false,"showMaterialUpdate":false,"showSkybox":false,"showFlares":false,"showImageEffects":false,"showParticleSystems":false,"showVisualEffectGraphs":true,"m_FxEnabled":true},"in2DMode":false,"pivot":{"x":0.002407073974609375,"y":8.817376136779786,"z":0.336012601852417},"rotation":{"x":-0.3451848328113556,"y":0.019734608009457589,"z":-0.007203158922493458,"w":-0.9383426904678345},"size":14.211859703063965,"orthographic":false}