{"cameraMode":{"drawMode":0,"name":"Shaded","section":"Shading Mode"},"sceneLighting":false,"audioPlay":false,"sceneViewState":{"showFog":true,"showMaterialUpdate":false,"showSkybox":false,"showFlares":true,"showImageEffects":true,"showParticleSystems":true,"showVisualEffectGraphs":true,"m_FxEnabled":true},"in2DMode":false,"pivot":{"x":5.19106912612915,"y":9.294151306152344,"z":-35.04594802856445},"rotation":{"x":0.0029477356001734735,"y":0.9970561265945435,"z":0.05808474123477936,"w":-0.050593286752700809},"size":16.983354568481447,"orthographic":false}