{"cameraMode":{"drawMode":0,"name":"Shaded","section":"Shading Mode"},"sceneLighting":false,"audioPlay":false,"sceneViewState":{"showFog":true,"showMaterialUpdate":false,"showSkybox":false,"showFlares":true,"showImageEffects":true,"showParticleSystems":true,"showVisualEffectGraphs":true,"m_FxEnabled":true},"in2DMode":false,"pivot":{"x":-1.1475118398666382,"y":0.5750345587730408,"z":-2.825955390930176},"rotation":{"x":-0.010434234514832497,"y":0.9886457920074463,"z":-0.07151234149932862,"w":-0.13362333178520204},"size":2.6927244663238527,"orthographic":false}