{"cameraMode":{"drawMode":0,"name":"Shaded","section":"Shading Mode"},"sceneLighting":false,"audioPlay":false,"sceneViewState":{"showFog":true,"showMaterialUpdate":false,"showSkybox":false,"showFlares":true,"showImageEffects":true,"showParticleSystems":true,"showVisualEffectGraphs":true,"m_FxEnabled":true},"in2DMode":false,"pivot":{"x":0.5051910281181336,"y":1.9916167259216309,"z":-0.7566449046134949},"rotation":{"x":0.006388126406818628,"y":0.9824079871177673,"z":-0.18365338444709779,"w":0.034203995019197467},"size":2.0660252571105959,"orthographic":false}