{"cameraMode":{"drawMode":0,"name":"Shaded","section":"Shading Mode"},"sceneLighting":false,"audioPlay":false,"sceneViewState":{"showFog":false,"showMaterialUpdate":false,"showSkybox":false,"showFlares":false,"showImageEffects":false,"showParticleSystems":false,"showVisualEffectGraphs":true,"m_FxEnabled":true},"in2DMode":false,"pivot":{"x":5.960464477539063e-8,"y":2.3041799068450929,"z":0.12860560417175294},"rotation":{"x":0.37722450494766238,"y":-0.05269337818026543,"z":0.02082694135606289,"w":0.9246699810028076},"size":2.4921767711639406,"orthographic":false}