{"cameraMode":{"drawMode":0,"name":"Shaded","section":"Shading Mode"},"sceneLighting":false,"audioPlay":false,"sceneViewState":{"showFog":false,"showMaterialUpdate":false,"showSkybox":false,"showFlares":false,"showImageEffects":false,"showParticleSystems":false,"showVisualEffectGraphs":true,"m_FxEnabled":true},"in2DMode":false,"pivot":{"x":0.02417391538619995,"y":1.2993693351745606,"z":-0.06649576872587204},"rotation":{"x":-0.020339729264378549,"y":-0.7017511129379273,"z":0.019962286576628686,"w":-0.7119607329368591},"size":1.0593822002410889,"orthographic":false}