{"cameraMode":{"drawMode":0,"name":"Shaded","section":"Shading Mode"},"sceneLighting":false,"audioPlay":false,"sceneViewState":{"showFog":true,"showMaterialUpdate":false,"showSkybox":false,"showFlares":true,"showImageEffects":true,"showParticleSystems":true,"showVisualEffectGraphs":true,"m_FxEnabled":true},"in2DMode":false,"pivot":{"x":0.2859002947807312,"y":0.15245193243026734,"z":0.9961529970169067},"rotation":{"x":-0.11068397760391236,"y":0.08397558331489563,"z":-0.009385655634105206,"w":-0.9902709126472473},"size":1.0559474229812623,"orthographic":false}