{"cameraMode":{"drawMode":0,"name":"Shaded","section":"Shading Mode"},"sceneLighting":false,"audioPlay":false,"sceneViewState":{"showFog":true,"showMaterialUpdate":false,"showSkybox":false,"showFlares":true,"showImageEffects":true,"showParticleSystems":true,"showVisualEffectGraphs":true,"m_FxEnabled":true},"in2DMode":false,"pivot":{"x":0.04593511298298836,"y":1.0181840658187867,"z":0.36312320828437807},"rotation":{"x":-0.15022699534893037,"y":0.6581681370735169,"z":-0.13637222349643708,"w":-0.7250288128852844},"size":1.0559474229812623,"orthographic":false}