{"cameraMode":{"drawMode":0,"name":"Shaded","section":"Shading Mode"},"sceneLighting":false,"audioPlay":false,"sceneViewState":{"showFog":true,"showMaterialUpdate":true,"showSkybox":false,"showFlares":true,"showImageEffects":true,"showParticleSystems":true},"in2DMode":false,"pivot":{"x":5.809788703918457,"y":-2.717024326324463,"z":1.6342886686325074},"rotation":{"x":-0.21759459376335145,"y":0.0032011682633310558,"z":-0.0005244069034233689,"w":-0.9762098789215088},"size":13.272600173950196,"orthographic":false}