{"cameraMode":{"drawMode":0,"name":"Shaded","section":"Shading Mode"},"sceneLighting":true,"audioPlay":false,"sceneViewState":{"showFog":true,"showMaterialUpdate":true,"showSkybox":true,"showFlares":true,"showImageEffects":true,"showParticleSystems":true},"in2DMode":false,"pivot":{"x":-145.4612274169922,"y":-96.25289154052735,"z":49.06204605102539},"rotation":{"x":0.2250477373600006,"y":-0.5711599588394165,"z":0.16666731238365174,"w":0.7717172503471375},"size":577.947265625,"orthographic":false}