{"cameraMode":{"drawMode":0,"name":"Shaded","section":"Shading Mode"},"sceneLighting":true,"audioPlay":false,"sceneViewState":{"showFog":true,"showMaterialUpdate":true,"showSkybox":true,"showFlares":true,"showImageEffects":true,"showParticleSystems":true},"in2DMode":false,"pivot":{"x":-9.636350631713868,"y":-133.4300537109375,"z":258.8897705078125},"rotation":{"x":0.24530161917209626,"y":-0.016364503651857377,"z":0.0042342632077634338,"w":0.9695411324501038},"size":145.7738037109375,"orthographic":false}