{"cameraMode":{"drawMode":0,"name":"Shaded","section":"Shading Mode"},"sceneLighting":false,"audioPlay":false,"sceneViewState":{"showFog":true,"showMaterialUpdate":true,"showSkybox":false,"showFlares":true,"showImageEffects":true,"showParticleSystems":true},"in2DMode":false,"pivot":{"x":0.0,"y":1.7374999523162842,"z":-1.1920928955078126e-7},"rotation":{"x":-0.28846707940101626,"y":0.03757082298398018,"z":-0.011212470009922982,"w":-0.9568262696266174},"size":8.783926963806153,"orthographic":false}