{"cameraMode":{"drawMode":0,"name":"Shaded","section":"Shading Mode"},"sceneLighting":false,"audioPlay":false,"sceneViewState":{"showFog":true,"showMaterialUpdate":true,"showSkybox":false,"showFlares":true,"showImageEffects":true,"showParticleSystems":true},"in2DMode":false,"pivot":{"x":0.7242911458015442,"y":-0.500901460647583,"z":5.835000991821289},"rotation":{"x":-0.1319383680820465,"y":0.010637517087161541,"z":-0.0012879527639597655,"w":-0.9913350939750671},"size":8.783926963806153,"orthographic":false}