{"cameraMode":{"drawMode":0,"name":"Shaded","section":"Shading Mode"},"sceneLighting":true,"audioPlay":false,"sceneViewState":{"showFog":true,"showMaterialUpdate":true,"showSkybox":true,"showFlares":true,"showImageEffects":true,"showParticleSystems":true},"in2DMode":false,"pivot":{"x":24.134944915771486,"y":51.84523010253906,"z":13.111064910888672},"rotation":{"x":0.06994817405939102,"y":-0.9115560054779053,"z":0.17472973465919496,"w":0.3660014271736145},"size":4.924823760986328,"orthographic":false}