{"cameraMode":{"drawMode":0,"name":"Shaded","section":"Shading Mode"},"sceneLighting":false,"audioPlay":false,"sceneViewState":{"showFog":true,"showMaterialUpdate":true,"showSkybox":false,"showFlares":true,"showImageEffects":true,"showParticleSystems":true},"in2DMode":false,"pivot":{"x":-1.3349062204360963,"y":0.07694653421640396,"z":2.8219611644744875},"rotation":{"x":-0.1582133024930954,"y":-0.07374144345521927,"z":0.011865549720823765,"w":-0.9846943616867065},"size":2.5520565509796144,"orthographic":false}