{"cameraMode":{"drawMode":0,"name":"Shaded","section":"Shading Mode"},"sceneLighting":false,"audioPlay":false,"sceneViewState":{"showFog":true,"showMaterialUpdate":true,"showSkybox":false,"showFlares":true,"showImageEffects":true,"showParticleSystems":true},"in2DMode":false,"pivot":{"x":2.8135695457458498,"y":-12.436095237731934,"z":23.006206512451173},"rotation":{"x":-0.2559257745742798,"y":-0.08519673347473145,"z":0.02272764965891838,"w":-0.9628029465675354},"size":14.810348510742188,"orthographic":false}