{"cameraMode":{"drawMode":0,"name":"Shaded","section":"Shading Mode"},"sceneLighting":true,"audioPlay":false,"sceneViewState":{"showFog":true,"showMaterialUpdate":true,"showSkybox":true,"showFlares":true,"showImageEffects":true,"showParticleSystems":true},"in2DMode":false,"pivot":{"x":6.825148105621338,"y":13.57785415649414,"z":71.63947296142578},"rotation":{"x":0.1939600557088852,"y":0.035620130598545077,"z":-0.007022399455308914,"w":0.9804283380508423},"size":50.660579681396487,"orthographic":false}