{"cameraMode":{"drawMode":0,"name":"Shaded","section":"Shading Mode"},"sceneLighting":true,"audioPlay":false,"sceneViewState":{"showFog":true,"showMaterialUpdate":true,"showSkybox":true,"showFlares":true,"showImageEffects":true,"showParticleSystems":true},"in2DMode":false,"pivot":{"x":-2.7925171852111818,"y":-1.334996223449707,"z":19.9996280670166},"rotation":{"x":-0.18327593803405763,"y":0.07389627397060394,"z":-0.01375214010477066,"w":-0.9803467392921448},"size":25.97085189819336,"orthographic":false}