{"cameraMode":{"drawMode":0,"name":"Shaded","section":"Shading Mode"},"sceneLighting":false,"audioPlay":false,"sceneViewState":{"showFog":true,"showMaterialUpdate":true,"showSkybox":false,"showFlares":true,"showImageEffects":true,"showParticleSystems":true},"in2DMode":false,"pivot":{"x":252.734619140625,"y":-112.54557037353516,"z":8.346692085266114},"rotation":{"x":0.1429414004087448,"y":0.6800658702850342,"z":-0.13771837949752809,"w":0.705825924873352},"size":225.9237823486328,"orthographic":false}