{"cameraMode":{"drawMode":0,"name":"Shaded","section":"Shading Mode"},"sceneLighting":true,"audioPlay":false,"sceneViewState":{"showFog":true,"showMaterialUpdate":true,"showSkybox":true,"showFlares":true,"showImageEffects":true,"showParticleSystems":true},"in2DMode":false,"pivot":{"x":-0.4907388687133789,"y":-3.9916610717773439,"z":4.834725379943848},"rotation":{"x":0.327469140291214,"y":-0.20712633430957795,"z":0.07384539395570755,"w":0.9190120100975037},"size":11.733359336853028,"orthographic":false}