{"cameraMode":{"drawMode":0,"name":"Shaded","section":"Shading Mode"},"sceneLighting":true,"audioPlay":false,"sceneViewState":{"showFog":true,"showMaterialUpdate":true,"showSkybox":true,"showFlares":true,"showImageEffects":true,"showParticleSystems":true},"in2DMode":false,"pivot":{"x":-5.597729206085205,"y":-0.4239390194416046,"z":4.373031139373779},"rotation":{"x":0.18137501180171967,"y":-0.5133549571037293,"z":0.11201149970293045,"w":0.831351637840271},"size":9.939372062683106,"orthographic":false}