{"cameraMode":{"drawMode":0,"name":"Shaded","section":"Shading Mode"},"sceneLighting":false,"audioPlay":false,"sceneViewState":{"showFog":true,"showMaterialUpdate":true,"showSkybox":false,"showFlares":true,"showImageEffects":true,"showParticleSystems":true},"in2DMode":false,"pivot":{"x":6.840439796447754,"y":1.8125189542770386,"z":-52.97657012939453},"rotation":{"x":0.04755264148116112,"y":-0.9118925333023071,"z":0.39290106296539309,"w":0.11073315888643265},"size":3.1497697830200197,"orthographic":false}