{"cameraMode":{"drawMode":0,"name":"Shaded","section":"Shading Mode"},"sceneLighting":false,"audioPlay":false,"sceneViewState":{"showFog":true,"showMaterialUpdate":true,"showSkybox":false,"showFlares":true,"showImageEffects":true,"showParticleSystems":true},"in2DMode":false,"pivot":{"x":-2.0445990562438967,"y":-6.6562581062316898,"z":14.515615463256836},"rotation":{"x":-0.19055229425430299,"y":0.07819195091724396,"z":-0.015155910514295102,"w":-0.978573739528656},"size":15.476814270019532,"orthographic":false}