{"cameraMode":{"drawMode":0,"name":"Shaded","section":"Shading Mode"},"sceneLighting":false,"audioPlay":false,"sceneViewState":{"showFog":false,"showMaterialUpdate":false,"showSkybox":false,"showFlares":false,"showImageEffects":false,"showParticleSystems":false},"in2DMode":false,"pivot":{"x":-0.10981574654579163,"y":-5.793006896972656,"z":8.331600189208985},"rotation":{"x":0.1966783106327057,"y":-0.05732711777091026,"z":0.011520223692059517,"w":0.978740930557251},"size":15.506753921508789,"orthographic":false}