{"cameraMode":{"drawMode":0,"name":"Shaded","section":"Shading Mode"},"sceneLighting":false,"audioPlay":false,"sceneViewState":{"showFog":true,"showMaterialUpdate":true,"showSkybox":false,"showFlares":true,"showImageEffects":true,"showParticleSystems":true},"in2DMode":false,"pivot":{"x":0.0,"y":1.649999976158142,"z":-1.1920928955078126e-7},"rotation":{"x":-0.29575812816619875,"y":-0.33273014426231387,"z":0.11087572574615479,"w":-0.8887144327163696},"size":6.969175815582275,"orthographic":false}