{"cameraMode":{"drawMode":0,"name":"Shaded","section":"Shading Mode"},"sceneLighting":false,"audioPlay":false,"sceneViewState":{"showFog":true,"showMaterialUpdate":true,"showSkybox":false,"showFlares":true,"showImageEffects":true,"showParticleSystems":true},"in2DMode":false,"pivot":{"x":0.7974091172218323,"y":0.1018826961517334,"z":4.200455665588379},"rotation":{"x":-0.1492716670036316,"y":-0.0797552764415741,"z":0.012173403985798359,"w":-0.9856311082839966},"size":2.991586923599243,"orthographic":false}