{"cameraMode":{"drawMode":0,"name":"Shaded","section":"Shading Mode"},"sceneLighting":false,"audioPlay":false,"sceneViewState":{"showFog":false,"showMaterialUpdate":false,"showSkybox":false,"showFlares":false,"showImageEffects":false,"showParticleSystems":false},"in2DMode":false,"pivot":{"x":-2.186420202255249,"y":-2.394145965576172,"z":6.379057884216309},"rotation":{"x":0.17740267515182496,"y":-0.1441044807434082,"z":0.026268256828188897,"w":0.9731935262680054},"size":8.332091331481934,"orthographic":false}