{"cameraMode":{"drawMode":0,"name":"Shaded","section":"Shading Mode"},"sceneLighting":true,"audioPlay":false,"sceneViewState":{"showFog":true,"showMaterialUpdate":true,"showSkybox":true,"showFlares":true,"showImageEffects":true,"showParticleSystems":true},"in2DMode":false,"pivot":{"x":-1.1643885374069214,"y":2.2153491973876955,"z":364.2269592285156},"rotation":{"x":-0.13622325658798219,"y":0.3181314468383789,"z":-0.04616902023553848,"w":-0.937238872051239},"size":71.77901458740235,"orthographic":false}