{"cameraMode":{"drawMode":0,"name":"Shaded","section":"Shading Mode"},"sceneLighting":true,"audioPlay":false,"sceneViewState":{"showFog":true,"showMaterialUpdate":true,"showSkybox":true,"showFlares":true,"showImageEffects":true,"showParticleSystems":true},"in2DMode":false,"pivot":{"x":5.142874717712402,"y":10.114753723144532,"z":13.446686744689942},"rotation":{"x":-0.03163522854447365,"y":0.9332165718078613,"z":-0.34838661551475527,"w":-0.08420325070619583},"size":4.42125940322876,"orthographic":false}