{"cameraMode":{"drawMode":0,"name":"Shaded","section":"Shading Mode"},"sceneLighting":false,"audioPlay":false,"sceneViewState":{"showFog":true,"showMaterialUpdate":true,"showSkybox":false,"showFlares":true,"showImageEffects":true,"showParticleSystems":true},"in2DMode":false,"pivot":{"x":16.649999618530275,"y":2.8700003623962404,"z":-8.988750457763672},"rotation":{"x":-0.16255280375480653,"y":-0.7094038724899292,"z":0.17389066517353059,"w":-0.6635810136795044},"size":8.116543769836426,"orthographic":false}