{"cameraMode":{"drawMode":0,"name":"Shaded","section":"Shading Mode"},"sceneLighting":false,"audioPlay":false,"sceneViewState":{"showFog":true,"showMaterialUpdate":true,"showSkybox":false,"showFlares":true,"showImageEffects":true,"showParticleSystems":true},"in2DMode":false,"pivot":{"x":-0.03672981262207031,"y":0.9316306114196777,"z":0.11013305187225342},"rotation":{"x":0.04190334305167198,"y":-0.6238841414451599,"z":-0.0335320308804512,"w":-0.7798248529434204},"size":6.231714248657227,"orthographic":false}