{"cameraMode":{"drawMode":0,"name":"Shaded","section":"Shading Mode"},"sceneLighting":false,"audioPlay":false,"sceneViewState":{"showFog":true,"showMaterialUpdate":true,"showSkybox":false,"showFlares":true,"showImageEffects":true,"showParticleSystems":true},"in2DMode":false,"pivot":{"x":-1.9334874153137208,"y":-1.4188765287399293,"z":7.648366928100586},"rotation":{"x":-0.21774712204933167,"y":0.10687368363142014,"z":-0.023876158520579339,"w":-0.9699817299842835},"size":10.880006790161133,"orthographic":false}