{"cameraMode":{"drawMode":0,"name":"Shaded","section":"Shading Mode"},"sceneLighting":false,"audioPlay":false,"sceneViewState":{"showFog":true,"showMaterialUpdate":true,"showSkybox":false,"showFlares":true,"showImageEffects":true,"showParticleSystems":true},"in2DMode":false,"pivot":{"x":-1.0075743198394776,"y":-0.8140020370483398,"z":6.083465099334717},"rotation":{"x":-0.2465706169605255,"y":0.11188118904829025,"z":-0.028597112745046617,"w":-0.96235591173172},"size":14.810348510742188,"orthographic":false}