{"cameraMode":{"drawMode":0,"name":"Shaded","section":"Shading Mode"},"sceneLighting":true,"audioPlay":false,"sceneViewState":{"showFog":true,"showMaterialUpdate":true,"showSkybox":true,"showFlares":true,"showImageEffects":true,"showParticleSystems":true},"in2DMode":false,"pivot":{"x":2.4254190921783449,"y":0.706680417060852,"z":2.8084447383880617},"rotation":{"x":0.3190171420574188,"y":-0.25689697265625,"z":0.09005296975374222,"w":0.9080111384391785},"size":20.54671287536621,"orthographic":false}