{"cameraMode":{"drawMode":0,"name":"Shaded","section":"Shading Mode"},"sceneLighting":false,"audioPlay":false,"sceneViewState":{"showFog":true,"showMaterialUpdate":true,"showSkybox":false,"showFlares":true,"showImageEffects":true,"showParticleSystems":true},"in2DMode":false,"pivot":{"x":-0.5432451963424683,"y":-5.69478178024292,"z":-5.201870918273926},"rotation":{"x":-0.01650426909327507,"y":-0.9634497165679932,"z":0.2607584595680237,"w":-0.06129961460828781},"size":14.810348510742188,"orthographic":false}