{"cameraMode":{"drawMode":0,"name":"Shaded","section":"Shading Mode"},"sceneLighting":true,"audioPlay":false,"sceneViewState":{"showFog":true,"showMaterialUpdate":true,"showSkybox":true,"showFlares":true,"showImageEffects":true,"showParticleSystems":true},"in2DMode":false,"pivot":{"x":157.1601104736328,"y":22.615333557128908,"z":615.9884643554688},"rotation":{"x":0.0017999288393184543,"y":0.11108530312776566,"z":-0.00018604232172947377,"w":0.9938464760780335},"size":366.4908752441406,"orthographic":false}