{"cameraMode":{"drawMode":0,"name":"Shaded","section":"Shading Mode"},"sceneLighting":true,"audioPlay":false,"sceneViewState":{"showFog":true,"showMaterialUpdate":true,"showSkybox":true,"showFlares":true,"showImageEffects":true,"showParticleSystems":true},"in2DMode":false,"pivot":{"x":-37.5126953125,"y":-58.083988189697269,"z":106.51555633544922},"rotation":{"x":0.35822758078575137,"y":-0.16235728561878205,"z":0.06349227577447891,"w":0.9173458814620972},"size":80.03582000732422,"orthographic":false}