{"cameraMode":{"drawMode":0,"name":"Shaded","section":"Shading Mode"},"sceneLighting":false,"audioPlay":false,"sceneViewState":{"showFog":true,"showMaterialUpdate":true,"showSkybox":false,"showFlares":true,"showImageEffects":true,"showParticleSystems":true},"in2DMode":false,"pivot":{"x":2.384185791015625e-7,"y":1.5500001907348633,"z":-0.0234375},"rotation":{"x":-0.13612474501132966,"y":-0.7040945291519165,"z":0.14041449129581452,"w":-0.6828107237815857},"size":8.970983505249024,"orthographic":false}