{"cameraMode":{"drawMode":0,"name":"Shaded","section":"Shading Mode"},"sceneLighting":false,"audioPlay":false,"sceneViewState":{"showFog":true,"showMaterialUpdate":true,"showSkybox":false,"showFlares":true,"showImageEffects":true,"showParticleSystems":true},"in2DMode":false,"pivot":{"x":9.5367431640625e-7,"y":0.8962231874465942,"z":0.010292664170265198},"rotation":{"x":-0.0009571232949383557,"y":0.9982580542564392,"z":-0.05877755954861641,"w":-0.01934172213077545},"size":1.0268555879592896,"orthographic":false}