{"cameraMode":{"drawMode":0,"name":"Shaded","section":"Shading Mode"},"sceneLighting":false,"audioPlay":false,"sceneViewState":{"showFog":true,"showMaterialUpdate":true,"showSkybox":false,"showFlares":true,"showImageEffects":true,"showParticleSystems":true},"in2DMode":false,"pivot":{"x":0.0,"y":2.5500001907348635,"z":0.011249780654907227},"rotation":{"x":-0.2465706169605255,"y":0.11188118904829025,"z":-0.028597112745046617,"w":-0.96235591173172},"size":14.810348510742188,"orthographic":false}