{"cameraMode":{"drawMode":0,"name":"Shaded","section":"Shading Mode"},"sceneLighting":false,"audioPlay":false,"sceneViewState":{"showFog":true,"showMaterialUpdate":true,"showSkybox":false,"showFlares":true,"showImageEffects":true,"showParticleSystems":true},"in2DMode":false,"pivot":{"x":-12.953741073608399,"y":-11.474373817443848,"z":18.01002311706543},"rotation":{"x":-0.22323034703731538,"y":0.3055504262447357,"z":-0.07382766157388687,"w":-0.922832190990448},"size":14.810348510742188,"orthographic":false}