{"cameraMode":{"drawMode":0,"name":"Shaded","section":"Shading Mode"},"sceneLighting":true,"audioPlay":false,"sceneViewState":{"showFog":true,"showMaterialUpdate":true,"showSkybox":true,"showFlares":true,"showImageEffects":true,"showParticleSystems":true},"in2DMode":false,"pivot":{"x":8.685295104980469,"y":-121.3125991821289,"z":-190.99530029296876},"rotation":{"x":-0.005541600286960602,"y":-0.961601734161377,"z":0.27423205971717837,"w":-0.019326094537973405},"size":127.79710388183594,"orthographic":false}