{"cameraMode":{"drawMode":0,"name":"Shaded","section":"Shading Mode"},"sceneLighting":false,"audioPlay":false,"sceneViewState":{"showFog":true,"showMaterialUpdate":true,"showSkybox":false,"showFlares":true,"showImageEffects":true,"showParticleSystems":true},"in2DMode":false,"pivot":{"x":0.09739287197589874,"y":0.5149340629577637,"z":-0.013043752871453762},"rotation":{"x":-0.29575812816619875,"y":-0.33273014426231387,"z":0.11087572574615479,"w":-0.8887144327163696},"size":6.969176769256592,"orthographic":false}