{"cameraMode":{"drawMode":0,"name":"Shaded","section":"Shading Mode"},"sceneLighting":false,"audioPlay":false,"sceneViewState":{"showFog":true,"showMaterialUpdate":true,"showSkybox":false,"showFlares":true,"showImageEffects":true,"showParticleSystems":true},"in2DMode":false,"pivot":{"x":-19.746244430541993,"y":-6.948501110076904,"z":6.435777187347412},"rotation":{"x":-0.1297372430562973,"y":0.6165363192558289,"z":-0.10366643965244293,"w":-0.769836962223053},"size":13.272600173950196,"orthographic":false}