{"cameraMode":{"drawMode":0,"name":"Shaded","section":"Shading Mode"},"sceneLighting":false,"audioPlay":false,"sceneViewState":{"showFog":true,"showMaterialUpdate":true,"showSkybox":false,"showFlares":true,"showImageEffects":true,"showParticleSystems":true},"in2DMode":false,"pivot":{"x":-0.03672981262207031,"y":0.9291305541992188,"z":0.11013305187225342},"rotation":{"x":-0.16898295283317567,"y":-0.6840021014213562,"z":0.16764366626739503,"w":-0.6897149085998535},"size":6.228470802307129,"orthographic":false}