{"cameraMode":{"drawMode":0,"name":"Shaded","section":"Shading Mode"},"sceneLighting":true,"audioPlay":false,"sceneViewState":{"showFog":true,"showMaterialUpdate":true,"showSkybox":true,"showFlares":true,"showImageEffects":true,"showParticleSystems":true},"in2DMode":false,"pivot":{"x":-67.64900970458985,"y":-49.549224853515628,"z":92.7048568725586},"rotation":{"x":0.3148444890975952,"y":-0.2947372496128082,"z":0.10362724214792252,"w":0.8963831067085266},"size":76.74471282958985,"orthographic":false}