{"cameraMode":{"drawMode":0,"name":"Shaded","section":"Shading Mode"},"sceneLighting":true,"audioPlay":false,"sceneViewState":{"showFog":true,"showMaterialUpdate":true,"showSkybox":true,"showFlares":true,"showImageEffects":true,"showParticleSystems":true},"in2DMode":false,"pivot":{"x":25.985898971557618,"y":23.066898345947267,"z":2961.59375},"rotation":{"x":-0.2734720706939697,"y":0.20631034672260285,"z":-0.060177285224199298,"w":-0.9375647306442261},"size":5.091402530670166,"orthographic":false}