{"cameraMode":{"drawMode":0,"name":"Shaded","section":"Shading Mode"},"sceneLighting":true,"audioPlay":false,"sceneViewState":{"showFog":true,"showMaterialUpdate":true,"showSkybox":true,"showFlares":true,"showImageEffects":true,"showParticleSystems":true},"in2DMode":false,"pivot":{"x":0.05601498484611511,"y":1.331437110900879,"z":195.54360961914063},"rotation":{"x":-0.13612474501132966,"y":-0.7040945291519165,"z":0.14041449129581452,"w":-0.6828107237815857},"size":4.982469081878662,"orthographic":false}