{"cameraMode":{"drawMode":0,"name":"Shaded","section":"Shading Mode"},"sceneLighting":false,"audioPlay":false,"sceneViewState":{"showFog":true,"showMaterialUpdate":true,"showSkybox":false,"showFlares":true,"showImageEffects":true,"showParticleSystems":true},"in2DMode":false,"pivot":{"x":4.426397323608398,"y":-1.197709321975708,"z":0.8348868489265442},"rotation":{"x":-0.12103018909692764,"y":-0.6462978720664978,"z":0.10486245155334473,"w":-0.746248185634613},"size":6.8284711837768559,"orthographic":false}