{"cameraMode":{"drawMode":0,"name":"Shaded","section":"Shading Mode"},"sceneLighting":true,"audioPlay":false,"sceneViewState":{"showFog":false,"showMaterialUpdate":false,"showSkybox":false,"showFlares":false,"showImageEffects":false,"showParticleSystems":false},"in2DMode":false,"pivot":{"x":0.4774697721004486,"y":-5.9549736976623539,"z":14.164976119995118},"rotation":{"x":0.2720996141433716,"y":0.15505965054035188,"z":-0.04447231441736221,"w":0.9487189650535584},"size":22.0,"orthographic":false}