{"cameraMode":{"drawMode":0,"name":"Shaded","section":"Shading Mode"},"sceneLighting":false,"audioPlay":false,"sceneViewState":{"showFog":true,"showMaterialUpdate":true,"showSkybox":false,"showFlares":true,"showImageEffects":true,"showParticleSystems":true},"in2DMode":false,"pivot":{"x":8.5,"y":1.4087564945220948,"z":-8.978376388549805},"rotation":{"x":-0.00577702559530735,"y":0.9896793365478516,"z":-0.1377706229686737,"w":-0.04297114536166191},"size":1.3527265787124634,"orthographic":false}