{"cameraMode":{"drawMode":0,"name":"Shaded","section":"Shading Mode"},"sceneLighting":false,"audioPlay":false,"sceneViewState":{"showFog":true,"showMaterialUpdate":true,"showSkybox":false,"showFlares":true,"showImageEffects":true,"showParticleSystems":true},"in2DMode":false,"pivot":{"x":-2.110132932662964,"y":0.9291306734085083,"z":-0.04591226577758789},"rotation":{"x":-0.13612474501132966,"y":-0.7040945291519165,"z":0.14041449129581452,"w":-0.6828107237815857},"size":6.783548831939697,"orthographic":false}