{"cameraMode":{"drawMode":0,"name":"Shaded","section":"Shading Mode"},"sceneLighting":true,"audioPlay":false,"sceneViewState":{"showFog":true,"showMaterialUpdate":true,"showSkybox":true,"showFlares":true,"showImageEffects":true,"showParticleSystems":true},"in2DMode":false,"pivot":{"x":0.0927773043513298,"y":-107.5497055053711,"z":656.3914184570313},"rotation":{"x":0.0002762704680208117,"y":-0.8742451071739197,"z":0.48593294620513918,"w":0.0007378575974144042},"size":68.91279602050781,"orthographic":false}