{"cameraMode":{"drawMode":0,"name":"Shaded","section":"Shading Mode"},"sceneLighting":false,"audioPlay":false,"sceneViewState":{"showFog":true,"showMaterialUpdate":false,"showSkybox":false,"showFlares":true,"showImageEffects":true,"showParticleSystems":true,"showVisualEffectGraphs":true,"m_FxEnabled":true},"in2DMode":false,"pivot":{"x":-0.6995871067047119,"y":2.118518829345703,"z":1.2596981525421143},"rotation":{"x":-0.021302973851561548,"y":0.021591277793049814,"z":-0.00045925387530587614,"w":-0.9995508193969727},"size":2.426555633544922,"orthographic":false}